{"stats":{"minecraft:broken":{"minecraft:stone_pickaxe":2,"minecraft:stone_axe":8,"minecraft:iron_pickaxe":6},"minecraft:picked_up":{"minecraft:wheat":57,"minecraft:string":6,"minecraft:raw_copper":30,"minecraft:sea_pickle":3,"minecraft:deepslate_tiles":58,"minecraft:red_sand":25,"minecraft:gold_nugget":59,"minecraft:cobbled_deepslate":554,"minecraft:bucket":1,"minecraft:melon_slice":93,"minecraft:mangrove_log":4,"minecraft:stick":171,"minecraft:birch_trapdoor":8,"minecraft:composter":16,"minecraft:torch":50,"minecraft:acacia_log":10,"minecraft:vine":4,"minecraft:cactus":1,"minecraft:rotten_flesh":16,"minecraft:mangrove_roots":2,"minecraft:obsidian":16,"minecraft:cobblestone":207,"minecraft:birch_log":209,"minecraft:magma_block":197,"minecraft:feather":2,"minecraft:repeater":5,"minecraft:birch_slab":9,"minecraft:andesite":2,"minecraft:jungle_log":5,"minecraft:golden_leggings":1,"minecraft:potato":159,"minecraft:flint":9,"minecraft:lapis_lazuli":18,"minecraft:dirt":662,"minecraft:name_tag":1,"minecraft:bone":3,"minecraft:stonecutter":1,"minecraft:bow":1,"minecraft:wheat_seeds":192,"minecraft:raw_gold":16,"minecraft:glowstone_dust":42,"minecraft:fletching_table":5,"minecraft:bamboo":67,"minecraft:oak_planks":12,"minecraft:ghast_tear":1,"minecraft:oak_pressure_plate":3,"minecraft:sand":100,"minecraft:ink_sac":4,"minecraft:spectral_arrow":11,"minecraft:mossy_cobblestone":1,"minecraft:diamond":5,"minecraft:bone_meal":8,"minecraft:emerald":5,"minecraft:oak_sapling":123,"minecraft:netherrack":1756,"minecraft:oak_leaves":6,"minecraft:crafting_table":8,"minecraft:cocoa_beans":3,"minecraft:mud":37,"minecraft:chicken":4,"minecraft:ladder":18,"minecraft:clay_ball":8,"minecraft:gold_block":2,"minecraft:cornflower":2,"minecraft:oak_trapdoor":5,"minecraft:blackstone":28,"minecraft:beef":6,"minecraft:oak_boat":45,"minecraft:jungle_sapling":2,"minecraft:poppy":4,"minecraft:lectern":38,"minecraft:minecart":5,"minecraft:sugar_cane":11,"minecraft:birch_sapling":25,"minecraft:piston":1,"minecraft:egg":13,"minecraft:raw_iron":86,"minecraft:stone":3,"minecraft:carrot":205,"minecraft:redstone":130,"minecraft:stone_shovel":1,"minecraft:arrow":8,"minecraft:peony":1,"minecraft:hay_block":73,"minecraft:gold_ingot":8,"minecraft:white_wool":19,"minecraft:rail":166,"minecraft:salmon":28,"minecraft:leather":4,"minecraft:birch_planks":58,"minecraft:packed_mud":2,"minecraft:oak_log":647,"minecraft:ancient_debris":4,"minecraft:yellow_bed":36,"minecraft:gunpowder":6,"minecraft:apple":13,"minecraft:iron_ingot":9,"minecraft:acacia_sapling":8,"minecraft:pumpkin":3,"minecraft:quartz":12,"minecraft:dandelion":4,"minecraft:gravel":90,"minecraft:blast_furnace":3,"minecraft:white_bed":14,"minecraft:spider_eye":3,"minecraft:mangrove_leaves":16,"minecraft:birch_sign":1,"minecraft:gray_wool":4,"minecraft:black_wool":4,"minecraft:melon_seeds":8,"minecraft:mangrove_propagule":1,"minecraft:coal":231},"minecraft:dropped":{"minecraft:birch_planks":2,"minecraft:glass_bottle":1,"minecraft:crafting_table":1,"minecraft:fletching_table":1,"minecraft:flint":3,"minecraft:gold_nugget":2,"minecraft:gravel":13,"minecraft:blackstone":5,"minecraft:mangrove_roots":2,"minecraft:cobbled_deepslate":337,"minecraft:rotten_flesh":8,"minecraft:carrot":28,"minecraft:salmon":2,"minecraft:birch_trapdoor":2,"minecraft:chainmail_boots":11,"minecraft:acacia_sapling":8,"minecraft:netherrack":1926,"minecraft:egg":1,"minecraft:bread":5,"minecraft:vine":4,"minecraft:wheat_seeds":2,"minecraft:feather":2,"minecraft:chainmail_helmet":6,"minecraft:stick":64,"minecraft:string":1,"minecraft:bucket":1,"minecraft:cocoa_beans":3,"minecraft:stone_shovel":23,"minecraft:chicken":2,"minecraft:iron_boots":8,"minecraft:potato":51,"minecraft:shield":3,"minecraft:andesite":2,"minecraft:oak_sapling":2,"minecraft:spider_eye":1,"minecraft:bamboo":1,"minecraft:raw_gold":1,"minecraft:magma_block":1,"minecraft:black_wool":2},"minecraft:crafted":{"minecraft:oak_planks":2584,"minecraft:smooth_stone":6,"minecraft:chainmail_helmet":7,"minecraft:oak_pressure_plate":1,"minecraft:packed_mud":22,"minecraft:birch_slab":30,"minecraft:stone":24,"minecraft:diamond_shovel":1,"minecraft:bookshelf":1,"minecraft:glass":92,"minecraft:hopper":5,"minecraft:diamond_helmet":1,"minecraft:repeater":4,"minecraft:bow":1,"minecraft:diamond_leggings":1,"minecraft:iron_boots":9,"minecraft:tipped_arrow":5,"minecraft:chest":13,"minecraft:rail":592,"minecraft:golden_boots":1,"minecraft:glass_bottle":3,"minecraft:oak_slab":24,"minecraft:emerald":237,"minecraft:arrow":32,"minecraft:diamond_axe":1,"minecraft:crafting_table":10,"minecraft:mud_brick_slab":6,"minecraft:wooden_pickaxe":1,"minecraft:baked_potato":5,"minecraft:smithing_table":1,"minecraft:fletching_table":2,"minecraft:hay_block":1,"minecraft:birch_planks":768,"minecraft:lectern":1,"minecraft:diamond_pickaxe":1,"minecraft:iron_chestplate":1,"minecraft:book":4,"minecraft:paper":3,"minecraft:charcoal":1,"minecraft:shield":8,"minecraft:stick":5720,"minecraft:iron_ingot":81,"minecraft:iron_pickaxe":6,"minecraft:iron_block":3,"minecraft:gold_ingot":22,"minecraft:redstone_torch":9,"minecraft:netherite_ingot":1,"minecraft:composter":5,"minecraft:shears":1,"minecraft:golden_carrot":3,"minecraft:stone_shovel":22,"minecraft:iron_nugget":1,"minecraft:diamond_hoe":1,"minecraft:furnace":3,"minecraft:blast_furnace":1,"minecraft:mud_bricks":20,"minecraft:piston":1,"minecraft:bone_meal":15,"minecraft:oak_trapdoor":16,"minecraft:glass_pane":112,"minecraft:flint_and_steel":1,"minecraft:iron_axe":1,"minecraft:ladder":18,"minecraft:iron_hoe":1,"minecraft:stone_pickaxe":4,"minecraft:cobblestone_wall":30,"minecraft:diamond_boots":1,"minecraft:netherite_scrap":4,"minecraft:birch_sign":9,"minecraft:minecart":3,"minecraft:wheat":513,"minecraft:netherite_pickaxe":1,"minecraft:bucket":1,"minecraft:stone_axe":8,"minecraft:glowstone":2,"minecraft:enchanted_book":1,"minecraft:bread":59,"minecraft:air":0,"minecraft:oak_boat":4,"minecraft:gold_nugget":27,"minecraft:chainmail_boots":12,"minecraft:birch_trapdoor":30,"minecraft:anvil":1,"minecraft:white_bed":1,"minecraft:pumpkin_pie":100,"minecraft:torch":232,"minecraft:diamond_chestplate":1},"minecraft:custom":{"minecraft:animals_bred":6,"minecraft:interact_with_crafting_table":123,"minecraft:leave_game":40,"minecraft:time_since_death":581932,"minecraft:sprint_one_cm":1872717,"minecraft:damage_blocked_by_shield":1429,"minecraft:drop":694,"minecraft:talked_to_villager":167,"minecraft:play_time":581932,"minecraft:jump":10373,"minecraft:walk_on_water_one_cm":67664,"minecraft:interact_with_furnace":44,"minecraft:traded_with_villager":333,"minecraft:sleep_in_bed":33,"minecraft:damage_dealt":6575,"minecraft:crouch_one_cm":72599,"minecraft:interact_with_smithing_table":1,"minecraft:mob_kills":77,"minecraft:interact_with_anvil":3,"minecraft:inspect_hopper":1,"minecraft:climb_one_cm":31367,"minecraft:walk_one_cm":474268,"minecraft:sneak_time":24775,"minecraft:walk_under_water_one_cm":27954,"minecraft:boat_one_cm":170514,"minecraft:interact_with_blast_furnace":15,"minecraft:total_world_time":622749,"minecraft:interact_with_stonecutter":6,"minecraft:time_since_rest":9090,"minecraft:damage_taken":6252,"minecraft:swim_one_cm":172347,"minecraft:fly_one_cm":2158572,"minecraft:open_chest":123,"minecraft:fall_one_cm":346474},"minecraft:mined":{"minecraft:white_bed":14,"minecraft:farmland":2,"minecraft:jungle_leaves":40,"minecraft:obsidian":17,"minecraft:acacia_log":10,"minecraft:red_sand":25,"minecraft:grass_block":490,"minecraft:jungle_log":5,"minecraft:oak_pressure_plate":2,"minecraft:composter":16,"minecraft:tall_seagrass":7,"minecraft:magma_block":197,"minecraft:glowstone":17,"minecraft:iron_ore":42,"minecraft:cobbled_deepslate":128,"minecraft:fire":19,"minecraft:pumpkin":3,"minecraft:fletching_table":4,"minecraft:deepslate_lapis_ore":2,"minecraft:dirt_path":2,"minecraft:birch_wall_sign":1,"minecraft:tripwire":1,"minecraft:deepslate_redstone_ore":23,"minecraft:blackstone":52,"minecraft:clay":2,"minecraft:torch":13,"minecraft:blast_furnace":3,"minecraft:poppy":1,"minecraft:melon":18,"minecraft:nether_quartz_ore":12,"minecraft:cobblestone":6,"minecraft:sugar_cane":7,"minecraft:oak_planks":7,"minecraft:wall_torch":17,"minecraft:repeater":5,"minecraft:mud":37,"minecraft:birch_log":193,"minecraft:wheat":58,"minecraft:birch_trapdoor":7,"minecraft:stone_brick_stairs":7,"minecraft:grass":125,"minecraft:oak_log":651,"minecraft:sand":225,"minecraft:dirt":251,"minecraft:mangrove_log":4,"minecraft:stonecutter":1,"minecraft:netherrack":1746,"minecraft:ancient_debris":4,"minecraft:piston":1,"minecraft:oak_leaves":282,"minecraft:deepslate":587,"minecraft:nether_gold_ore":19,"minecraft:deepslate_tiles":59,"minecraft:tuff":14,"minecraft:mossy_cobblestone":1,"minecraft:deepslate_diamond_ore":6,"minecraft:mangrove_roots":2,"minecraft:ladder":12,"minecraft:redstone_wire":3,"minecraft:mangrove_propagule":1,"minecraft:sandstone":35,"minecraft:hay_block":76,"minecraft:redstone_ore":5,"minecraft:oak_trapdoor":5,"minecraft:packed_mud":2,"minecraft:carrots":58,"minecraft:andesite":5,"minecraft:peony":1,"minecraft:gold_block":2,"minecraft:potatoes":38,"minecraft:deepslate_iron_ore":44,"minecraft:vine":5,"minecraft:rail":165,"minecraft:bamboo":6,"minecraft:stone":203,"minecraft:glass_pane":2,"minecraft:stone_brick_slab":4,"minecraft:dandelion":3,"minecraft:crafting_table":7,"minecraft:lectern":38,"minecraft:stone_slab":2,"minecraft:tall_grass":34,"minecraft:copper_ore":9,"minecraft:deepslate_coal_ore":11,"minecraft:lapis_ore":1,"minecraft:deepslate_gold_ore":5,"minecraft:diorite":6,"minecraft:birch_planks":48,"minecraft:cactus":1,"minecraft:sea_pickle":1,"minecraft:birch_leaves":11,"minecraft:mangrove_leaves":21,"minecraft:yellow_bed":36,"minecraft:coal_ore":164,"minecraft:cocoa":1,"minecraft:gravel":100,"minecraft:cracked_stone_bricks":2,"minecraft:stone_bricks":3,"minecraft:gold_ore":11},"minecraft:killed":{"minecraft:spider":5,"minecraft:skeleton":6,"minecraft:chicken":2,"minecraft:magma_cube":3,"minecraft:piglin":1,"minecraft:salmon":31,"minecraft:iron_golem":1,"minecraft:creeper":6,"minecraft:zombie":9,"minecraft:ghast":2,"minecraft:cow":3,"minecraft:drowned":1,"minecraft:squid":3},"minecraft:used":{"minecraft:peony":1,"minecraft:ladder":35,"minecraft:poppy":35,"minecraft:diamond_hoe":228,"minecraft:chest":8,"minecraft:shield":29,"minecraft:iron_chestplate":1,"minecraft:carrot":152,"minecraft:obsidian":13,"minecraft:glass":41,"minecraft:lava_bucket":13,"minecraft:packed_mud":2,"minecraft:birch_trapdoor":33,"minecraft:repeater":9,"minecraft:magma_block":4,"minecraft:bow":35,"minecraft:hay_block":12,"minecraft:furnace":2,"minecraft:egg":11,"minecraft:potato":57,"minecraft:stone_pickaxe":385,"minecraft:oak_planks":53,"minecraft:blackstone":2,"minecraft:wooden_pickaxe":15,"minecraft:composter":20,"minecraft:diamond_axe":217,"minecraft:sand":4,"minecraft:blast_furnace":4,"minecraft:shears":29,"minecraft:deepslate_tiles":100,"minecraft:redstone_torch":1,"minecraft:melon_slice":11,"minecraft:string":1,"minecraft:bread":54,"minecraft:lectern":39,"minecraft:oak_pressure_plate":3,"minecraft:gravel":32,"minecraft:smithing_table":1,"minecraft:oak_boat":47,"minecraft:air":37,"minecraft:bone_meal":23,"minecraft:oak_trapdoor":17,"minecraft:flint_and_steel":4,"minecraft:redstone":5,"minecraft:netherrack":315,"minecraft:torch":280,"minecraft:dirt":295,"minecraft:anvil":1,"minecraft:hopper":5,"minecraft:cobblestone_wall":26,"minecraft:iron_hoe":2,"minecraft:iron_axe":133,"minecraft:mud_bricks":12,"minecraft:melon_seeds":2,"minecraft:glowstone":2,"minecraft:netherite_pickaxe":311,"minecraft:minecart":5,"minecraft:cobbled_deepslate":196,"minecraft:wheat_seeds":110,"minecraft:water_bucket":25,"minecraft:birch_planks":83,"minecraft:glass_bottle":38,"minecraft:baked_potato":5,"minecraft:mud_brick_slab":6,"minecraft:fletching_table":5,"minecraft:stonecutter":1,"minecraft:rail":715,"minecraft:crafting_table":15,"minecraft:birch_sign":9,"minecraft:white_bed":15,"minecraft:piston":2,"minecraft:cornflower":1,"minecraft:diamond_pickaxe":1444,"minecraft:diamond_shovel":667,"minecraft:iron_pickaxe":1487,"minecraft:stone_axe":1023,"minecraft:cobblestone":79,"minecraft:potion":37,"minecraft:glass_pane":75,"minecraft:bucket":40,"minecraft:pumpkin_pie":82,"minecraft:yellow_bed":36,"minecraft:dandelion":1}},"DataVersion":3105}